word,translation,phonetic
commencement,noun: 生效日期，生效，毕业典礼，开课，动工，开始，开工,kә'mensmәnt
crime,noun: 犯罪，罪，罪案，罪行，重案，犯罪率，罪恶,kraim
attack,noun: 攻击，袭击，进攻，发作，攻，袭击事件，抨击，打击 verb: 攻打,ә'tæk
population,noun: 人口，种群，人群，群体，总人口，居民，人数，数量,.pɒpju'leiʃәn
deny,verb: 否认，否定，拒绝，抵赖，剥夺,di'nai
target,noun: 目标，靶，靶子，指标，对象 verb: 瞄准，针对,'tɑ:git
despite,prep: 尽管,di'spait
contrary,adj: 相反，反之，违背，正好相反，违反，违，逆向 noun: 恰恰相反，反而,'kɒntrәri
evidence,noun: 证据，证物，证据证明，证供，迹象，依据，证明,'evidәns
course,noun: 课程，当然，过程，课，历程，路线，进程，教程，学科,kɒ:s
squadron,noun: 中队，大队,'skwɒdrәn
pledge,noun: 质押，承诺，誓言，新人，抵押 verb: 宣誓，发誓,pledʒ
lead,noun: 铅，领先 verb: 导致，带领，领导，引领，引导，引起，带来,li:d. led
accelerate,verb: 加快，加速，促进，加快推进,әk'selәreit
delivery,noun: 交货，交付，送货，发货，分娩，供货，传递，配送，输送，送,di'livәri
weapon,noun: 武器，兵器，凶器，利器，枪,'wepәn
effort,noun: 努力，精力，力气，工作量，心血，功夫,'efәt
will,modal: 将，会,wil
offensive,adj: 进攻，进攻性，冒犯，无礼，反感，令人厌恶，厌恶，令人讨厌 noun: 攻势,ә'fensiv
translate,verb: 翻译，转化，译,træns'leit
advance,noun: 提前，进展，推进，事先，预先，前进，进步 verb: 促进，推动,әd'vɑ:ns
limit,noun: 限制，极限，限，限度，限额，上限，限值，限定，界限,'limit
feature,noun: 特征，功能，特点，特性，篇专题，特色，专题,'fi:tʃә
device,noun: 装置，设备，器件，器，器械，仪，仪器,di'vais
export,noun: 出口，导出，外销，输出，出口商品，进出口,ik'spɒ:t
complex,adj: 复杂，复，复合，复数，复杂性，综合 noun: 情结，配合物，复合物,kәm'pleks
know,verb: 知道，认识，了解，知，晓得，明白，懂，清楚,nәu
coach,noun: 教练，主教练，教练员，长途汽车，主帅，客车，马车，指导，辅导，巴士 verb: 执教,kәutʃ
detail,noun: 细节，详细，细部，明细，详尽，详述，具体，详情，细致,'di:teil
strike,noun: 罢工，打击，击，攻击，袭击,straik
analyst,noun: 分析师，分析家,'ænәlist
concern,noun: 关注，关心，关怀，关切，担忧，担心，忧虑,kәn'sә:n
grow,verb: 成长，生长，增长，种植，长，长大，种，变，变得,grәu
say,verb: 说，说出，称，表示，说过，讲，认为,sei
tank,noun: 坦克，罐，储罐，水箱，油箱，槽，池，油罐，箱，缸，舱,tæŋk
plead,verb: 申辩，求情，恳求，辩护，恳请，认罪，答辩,pli:d
massacre,noun: 大屠杀，屠杀，惨案，残杀，惨败,'mæsәkә
calamity,noun: 灾难，灾害，殃，场灾难，灾祸，灾，浩劫，祸，危难,kә'læmiti
fate,noun: 命运，缘分，宿命，缘份，命中注定，命，缘,feit
terrain,noun: 地形，地势，地面，地带，地貌，地表,'terein
inquiry,noun: 询价，研讯，查询，探究，询问，调查，询盘，讯,in'kwaiәri
plunge,noun: 暴跌，大幅下挫，大跌，猛跌，下挫，跳水 verb: 投身,plʌndʒ
gorge,noun: 峡谷，峡，山峡，三峡，大峡谷,gɒ:dʒ
erupt,verb: 爆发，喷发,i'rʌpt
exult,verb: 欢欣鼓舞,ig'zʌlt
swing,noun: 摆动，秋千，挥杆，摇摆，荡秋千，挥拍，摆，回转 verb: 荡，挥棒，摇,swiŋ
shortcoming,noun: 缺点，缺憾，短处，弊，不足之处，弊端,'ʃɒ:t'kʌmiŋ
inaugurate,verb: 开辟,i'nɒ:gjureit
definitive,adj: 明确，权威性，决定性，权威，确切，确定性,di'finitiv
stall,noun: 失速，摊位，摊档，档位，隔间，档，摊 verb: 拖住，拖延，停滞,stɒ:l
condolence,noun: 吊唁，慰问,kәn'dәulәns
propeller,noun: 螺旋桨，推进器，桨,prә'pelә
stint,noun: 吝惜，进站，舍不得,stint
pedigree,noun: 谱系，系谱，开山鼻祖，血统，家谱，身世，族谱，纯种,'pedigri:
rally,noun: 集会，反弹，拉力赛，涨势，拉力，集结，上涨，回升，大会，集合 verb: 团结,'ræli
notable,adj: 显著，值得注意，显着，著名，引人注目，引人注意,'nәutәbl
allure,noun: 诱惑力，吸引力，诱惑，劝导，倾城，魅力,ә'luә
stumble,verb: 绊倒，步履艰难，遭遇挫折，跌倒，蹒跚，绊脚，失足，步履蹒跚,'stʌmbl
legacy,noun: 遗留，遗产，遗留下来，遗风，遗赠，旧式，传奇，遗物,'legәsi
wingspan,noun: 翼展,'wiŋspæn
beachhead,noun: 滩头,'bi:tʃhed
paratrooper,noun: 伞兵,'pærәtru:pә
thwart,verb: 阻挠，挫败，阻扰，阻止,θwɒ:t
vaunted,adj: 吹嘘,
arsenal,noun: 阿森纳，兵工厂，军火库，武器库，武库，核武库，阿森，军械库,'ɑ:snәl
infiltrate,verb: 渗透，渗入，潜入，混进，浸润，混入，打入,in'filtreit
bolster,verb: 提振，支撑，支持,'bәulstә
espionage,noun: 谍报，间谍，间谍罪，从事间谍活动,.espiә'nɑ:ʒ
thievery,noun: 偷窃,'θi:vәri
subversion,noun: 颠覆,sәb'vә:ʃәn
sabotage,noun: 蓄意破坏，怠工 verb: 破坏,'sæbәtɑ:ʒ
speculative,adj: 投机，投机性，思辨，炒卖，投机取巧，投机活动,'spekjuleitiv
menace,noun: 威胁，如虎添翼，祸害,'menis
ensue,verb: 接踵而至，随之而来，接踵而来，紧随其后,en'su:
intrusion,noun: 入侵，侵入，侵，闯入,in'tru:ʒәn
cripple,noun: 瘸子，跛子，残废，废人，残障，瘫痪 verb: 削弱 adj: 残,'kripl
assume,verb: 假设，承担，假定，猜，设想，以为，猜想,ә'sju:m
mundane,adj: 世俗，平凡，平淡无奇，现世，单调，平淡,'mʌndein
loot,noun: 战利品，赃物，掠夺，抢劫，打劫 verb: 洗劫,lu:t
glory,noun: 荣耀，光荣，荣光，辉煌，荣誉，光辉，荣耀归，光彩，争光，荣,'glɒ:ri
plasma,noun: 血浆，等离子体，等离子，浆，离子，血,'plæzmә
recount,noun: 叙事 verb: 叙述,ri'kaunt
rejoice,noun: 飘柔，欣喜 verb: 欢喜，庆幸，喜乐，欢欣鼓舞，欢庆，欢呼，高兴,ri'dʒɒis
mortar,noun: 砂浆，灰浆，灰泥，胶浆，沙浆，臼，浆 adj: 迫击炮,'mɒ:tә
provision,noun: 条文，提供，规定，条款，供应，供给，拨款，粮食,prә'viʒәn
comrade,noun: 同志，战友,'kɒmreid
scour,noun: 冲刷，痢，洗涤剂,'skauә
raisin,noun: 葡萄干，提子,'reizn
depot,noun: 车厂，油库，仓库，库房，车场,'depәu
pivotal,adj: 举足轻重，关键，关键性，枢纽，枢轴,'pivәtәl
fertility,noun: 肥力，生育，生育率，育，丰产，出生率，肥沃，生殖，养分,fә'tiliti
intruder,noun: 入侵者，不速之客，闯入，突然袭击，第三者，闯进，防盗,in'tru:dә
corridor,noun: 走廊，廊道，楼道，长廊，通道，廊，过道,'kɒridɒ:
booth,noun: 布斯，展位，展台，摊位，布思，摊，亭，电话亭,bu:θ
rifle,noun: 步枪，来复枪，来福枪，支步枪，枪,'raifl
patrol,noun: 巡逻，巡逻队，巡警，巡视，巡检，巡，巡查,pә'trәul
ambush,noun: 埋伏，伏击，伏兵，潜伏,'æmbuʃ
counterattack,noun: 反击，反攻,'kauntәrә.tæk
formality,noun: 流于形式，形式上，拘谨，手续，礼节，形式,fɒ:'mæliti
unison,noun: 异口同声，齐声，齐唱，一致,'ju:nisn
wrest,verb: 手中夺取，夺取,rest
astride,prep: 横跨,ә'straid
tycoon,noun: 大亨，巨头，巨子，富翁，富豪,tai'ku:n
czar,noun: 沙皇,zɑ:
deft,adj: 灵巧，轻巧 noun: 麻利，机敏，轻便,deft
wallow,noun: 沉溺，打滚 verb: 沉沦，沉迷,'wɒlәu
swirl,noun: 旋流，漩涡，涡流，漩，涡旋，旋涡,swә:l
grievance,noun: 委屈，冤案，申诉，冤情，冤屈，发牢骚,'gri:vәns
disregard,noun: 漠视，无视，不顾，否认 verb: 忽视，忽略，别管,.disri'gɑ:d
overrule,verb: 否决，驳回,.әuvә'ru:l
magnify,verb: 放大，扩大化，夸大 adv: 气势,'mægnifai
spiral,noun: 螺旋，螺旋形，螺旋式，螺线，螺旋线，螺旋状，旋，旋涡，漩涡，螺，齿,'spairәl
radicalization,noun: 激进,,rædikәlai'zeiʃәn
nondescript,adj: 不伦不类，不三不四,'nɒndiskript
magnate,noun: 巨头，贵人，大亨，大王，业巨头,'mægneit
apparatus,noun: 装置，器具，仪器，仪，设备，器械，器，电器，器材,.æpә'reitәs
animus,noun: 怀有敌意，敌意,'ænimәs
bluff,noun: 虚张声势，钝，诈唬，吓唬，悬崖，崖，摊牌,blʌf
bantered,verb: 嘲笑，嘲,
wary,adj: 警惕，持谨慎态度，谨慎，提防，机警，慎，谨防，小心翼翼，警觉,'wєәri
ominous,adj: 不祥，不祥之兆，不详，凶险，凶,'ɒminәs
inkling,noun: 端倪,'iŋkliŋ
oligarch,noun: 寡头,'ɒligɑ:k
irrational,adj: 非理性，无理，不合常理，不可理喻，莫名，无端，荒谬,i'ræʃәnәl
portray,verb: 描绘，刻画，描摹,pɒ:'trei
villainous,adj: 邪恶,'vilәnәs
conceal,verb: 隐瞒，掩饰，掩盖，隐藏，隐蔽，遮掩,kәn'si:l
dysfunction,noun: 功能障碍，功能紊乱，功能失调，机能障碍，障碍，失调,dis'fʌŋkʃәn
fixation,noun: 固定，固色，固，固定支架,fik'seiʃәn
graft,noun: 接枝，移植，嫁接，植，游离移植，贪污，贪,grɑ:ft
fraud,noun: 欺诈，诈骗，舞弊，欺诈行为，诈骗罪，欺诈罪，诈骗案，造假，骗局，骗子，欺骗,frɒ:d
hodgepodge,noun: 大杂烩,'hɒdʒpɒdʒ
bedraggled,adj: 荒废,bi'drægld
conscripts,verb: 征召入伍 noun: 应征入伍者,
barracks,noun: 兵营，军营，营房，营区，营地,
rubles,noun: 卢布,
delegation,noun: 代表团，转授，访问团，考察团，代表团成员，委派，委托，团，客人,.deli'geiʃәn
dilapidation,noun: 破损,di.læpi'deiʃәn
tangle,noun: 纠结，缠结，纠纷，纠缠，纠葛,'tæŋgl
facade,noun: 立面，门面,fә'sɑ:d
hang,verb: 挂，杭，吊死，绞死，悬挂，恒 noun: 坑，航,hæŋ
disguise,noun: 伪装，变相，乔装，化装，化身 verb: 掩饰，掩盖，假装,dis'gaiz
decay,noun: 衰变，衰减，腐烂，腐朽，衰败，衰退，沦丧，衰落，老化，腐败,di'kei
ravage,verb: 蹂躏，肆虐,'rævidʒ
limp,adj: 跛行，瘫软，跛，软弱无力，一瘸一拐，瘸子，柔软，跛脚 noun: 瘸,limp
colonel,noun: 上校，团长，中校，陆军上校，卡扎菲,'kә:nәl
embezzle,adj: 盗用 verb: 侵吞，挪用,im'bezl
prosecutor,noun: 检察官，公诉人，检控官，检举，原告，检察，检方，检察院,'prɒsikju:tә
convoy,noun: 车队，护卫队，护航，押运，护送，保驾护航，护卫，船队,'kɒnvɒi. kәn'vɒi
inflict,verb: 造成，加害，施加，强加,in'flikt
infantry,noun: 步兵,'infәntri
fury,noun: 愤怒，狂暴，狂怒，怒，暴怒，骚动，盛怒之下，怒火，勃然大怒，躁动,'fjuri
sniper,noun: 狙击手 adj: 狙击，阻击,'snaipә
tactic,noun: 战术，策略，诀,'tæktik
devastate,verb: 摧毁，蹂躏，摧残,'devәsteit
extraordinary,adj: 非凡，非同寻常，超凡，不凡，平凡，不同寻常，特别，特殊,ik'strɒ:dәnәri
waive,verb: 免收，放弃，免去，免除，豁免,weiv
expedite,verb: 加快，加速，尽速，从速 noun: 畅通,'ekspidait
uptick,noun: 上扬，上升,'ʌptik
derogatory,adj: 贬义，贬损，贬低，贬，不敬,di'rɒgәtәri
rash,noun: 皮疹，疹，疹子，红疹 adj: 鲁莽，轻率，出疹，莽撞，草率，卤莽,ræʃ
dismay,noun: 沮丧，惊愕，惊慌，诧异,dis'mei
insoluble,adj: 溶,in'sɒljubl
fiscal,adj: 财政，财，财税，理财，财务,'fiskәl
nonetheless,adv: 尽管如此，无论如何，不管怎样,,nʌnðә'les
subtler,adj: 微妙，细微，奥妙，妙，眇,
deflation,noun: 通货紧缩，通缩，紧缩,di'fleiʃәn
arguably,adv: 按理说，可以,'ɑ:ɡjuәbli
deficit,noun: 赤字，逆差，亏缺，赤，缺陷，亏，亏损，贸易逆差,'defisit
collide,verb: 碰撞 noun: 相撞,kә'laid
bloat,noun: 膨胀，臃肿 verb: 胀气,blәut
pessimist,noun: 悲观主义者，悲观，悲观主义,'pesimist
cohesion,noun: 凝聚力，衔接，内聚力，凝聚，团结,kәu'hi:ʒәn
cushion,noun: 垫层，坐垫，靠垫，垫，垫子，缓冲，缓冲垫，气垫，座垫,'kuʃәn
erratic,adj: 飘忽不定，飘忽，反复无常，古怪，反常，难以捉摸，怪异,i'rætik
alarmist,noun: 危言耸听，杞人忧天,ә'lɑ:mist
undeniable,adj: 不可否认，不容置疑，无庸置疑，无可置疑，毋庸置疑,.ʌndi'naiәbl
incline,noun: 倾斜，斜面，趋向，坡度，斜坡，倾斜度，斜井,in'klain
regrettable,adj: 令人遗憾，遗憾，令人惋惜，可惜，感到遗憾,ri'gretәbl
cruiser,noun: 巡洋舰，艘巡洋舰，警车,'kru:zә
obsessed,adj: 痴迷，鬼迷心窍，中邪，迷恋，着迷，迷住，沉迷，沉溺,
autocratic,adj: 专制，独裁，独断专行，独断，威权，专制主义,.ɒ:tә'krætik
surveillance,noun: 监视，监测，监控，监督，监察，侦察，监护,sә:'veilәns
trump,noun: 特朗普，王牌，特鲁姆普 verb: 胜过，压倒，胜于,trʌmp
lest,prep: 以免，免得,lest
mayhem,noun: 混乱，迫害,'meihem
adapt,verb: 适应，相适应，顺应，调整，改编,ә'dæpt
implication,noun: 意蕴，蕴涵，含义，涵义，寓意，启示，含意，意义，内涵，暗示,.impli'keiʃәn
congenial,adj: 相投，投缘，融洽，合意，投机，宜人，惬意,kәn'dʒi:njәl
autocrat,noun: 独裁者,'ɒ:tәkræt
bow,noun: 弓，蝴蝶结，船头，躬，弓形，弓箭，船首 verb: 低头，鞠躬，屈服，低下,bәu.bau
despotic,adj: 专制，专横，独裁,de'spɒtik
blunt,adj: 钝，生硬，冲，直言不讳，直率，迟钝，冲着，闭合 noun: 布朗特,blʌnt
strive,verb: 力求，力争，努力，奋斗，努力奋斗，追求，争取，争，竭力，精益求精，拼搏,straiv
halve,verb: 减半,hɑ:v
incentive,noun: 激励，诱因，奖励，动机，动力，刺激，鼓励,in'sentiv
scant,adj: 很少，鲜有,skænt
inward,noun: 抵港，内向，内心 adj: 外来，内在，对内,'inwәd
tyranny,noun: 暴政，专制，专治，专制统治，暴虐，专政，暴君，独裁，专横，暴行,'tirәni
stealth,noun: 隐身，隐形，潜行，隐秘，偷偷，暗中,stelθ
guerrilla,noun: 游击，游击队，游击战，游击队员,gә'rilә
retreat,noun: 撤退，退却，退路，退缩，静修，退，务虚，后退，倒退，撤离,ri'tri:t
loom,noun: 织机，织布机，纺织机，筘，机子，织,lu:m
evasive,adj: 回避，规避，避险，模棱两可,i'veisiv
manoeuvre,noun: 回旋余地，回旋，操纵,mә'nu:vә
politburo,noun: 政治局，中央政治局,pә'litbjuәrәu
gleeful,adj: 欣喜若狂，欢乐,'gli:ful
decadence,noun: 颓废，堕落,'dekәdәns
callousness,noun: 麻木不仁,'kæləsnis
abruptly,adv: 突然，硬生生，蓦地，骤然，断然,ә'brʌptli
arduous,adj: 艰巨，艰苦，艰辛，项艰巨，繁重，历尽，费力 noun: 费劲,'ɑ:djuәs
havoc,noun: 浩劫，破坏，肆虐,'hævәk
wreak,verb: 发泄,ri:k
hazy,noun: 朦胧 adj: 烟霞,'heizi
repress,verb: 压制，抑制，压抑,ri'pres
detain,verb: 扣留，拘留，挽留，扣押，耽误，拘捕，留住，羁留 noun: 羁押,di'tein
summon,verb: 召唤，传召，召集，鼓起，传唤，召见 noun: 呼唤,'sʌmәn
erroneous,adj: 错误，有错，谬误,i'rәuniәs
imperative,adj: 势在必行，当务之急，刻不容缓，迫切，必须，必不可少,im'perәtiv
endeavour,noun: 努力，奋进,in'devә
rout,noun: 溃败，狂胜，溃退，大跌 verb: 击溃,raut
ideologue,noun: 理论家,'aidi:әulɔ^
dissent,noun: 异议，持异议，持不同政见者，不同政见，异议人士,di'sent
grim,adj: 严峻，严酷，冷酷，黯淡，残酷，狰狞，暗淡,grim
columnist,noun: 专栏作家，专栏,'kɒlәmist
glimpse,noun: 一瞥，瞥见，掠影，睹，窥，窥见，管窥,glimps
rage,noun: 愤怒，暴怒，风靡一时，怒气，狂怒，一怒之下，狂暴，盛怒，怒火，怒,reidʒ
spark,noun: 火花，星火，电火花，放电，点火 verb: 引发，点燃，激起,spɑ:k
intervene,verb: 干预，介入，干涉，插手，出手干预，干预汇市，入市，调停,.intә'vi:n
resonance,noun: 共振，谐振，共鸣，磁共振,'rezәnәns
retort,noun: 反驳，干馏，蒸煮,ri'tɒ:t
plummet,verb: 直线下降，暴跌，骤降,'plʌmit
dwindle,verb: 萎缩,'dwindl
aspiration,noun: 抽吸，误吸，穿刺，吸入，愿望，吸，心愿，抱负，吸取,.æspә'reiʃәn
slump,noun: 坍落度，暴跌，低迷，不景气，萧条，衰退，经济衰退，滑坡,slʌmp
rudimentary,adj: 简陋，基本，初级,ru:di'mentәri
forgo,verb: 放弃,fɒ:'gәu
wedlock,noun: 非婚生子女，私生子，婚姻,'wedlɒk
resentment,noun: 怨恨，愤恨，不满，忿恨，反感，怨，不满情绪，怨气，憎恨，仇恨,ri'zentmәnt
chives,noun: 韭菜，香葱,tʃaɪvz
cynically,adv: 玩世不恭，冷嘲热讽,
reign,noun: 统治，统治时期，在位，执政，统治地位，王朝,rein
cohort,noun: 队列，小卒，世代 adj: 群组,'kәuhɒ:t
rival,noun: 对手，竞争对手，情敌，劲敌，敌手，竞争者 adj: 敌对，对立 verb: 媲美,'raivl
omit,verb: 省略，忽略，略去，漏掉，遗漏，省去,әu'mit
morale,noun: 士气，斗志，军心，士气低落，鼓舞士气，民心，主旨,mɒ'rɑ:l
salvation,noun: 救恩，救赎，救世，得救，拯救，救星，救助，救国，救世主,sæl'veiʃә
swoop,noun: 一举，俯冲 verb: 趁虚而入，猛扑,swu:p
mercenary,adj: 雇佣军，佣兵，雇佣兵，唯利是图，惟利是图，佣,'mә:sinәri
patriotic,adj: 爱国，爱国主义，爱国热情，爱国心 noun: 卫国,.peitri'ɒtik
fervor,noun: 激情，热情,'fә:vә
drab,adj: 单调，灰褐色，灰暗 noun: 褐,dræb
inmate,noun: 犯人，囚犯，狱友,'inmeit
desert,noun: 沙漠，荒漠，大漠，漠，旷野 verb: 抛弃,'dezәt. di'sә:t
custody,noun: 监护权，保管，羁押，抚养权，监护，拘留，看管，托管，监禁，关押,'kʌstәdi
grave,noun: 坟墓，墓前，墓穴，墓，坟前，坟，墓地 adj: 严重，严峻，严肃,greiv
reliance,noun: 依赖，信赖，倚赖，依赖性,ri'laiәns
convict,verb: 定罪，宣判，有罪 noun: 犯事，罪犯，囚犯，犯人，逃犯,kәn'vikt
oversee,verb: 监督，监察 noun: 监工,.әuvә'si:
trumpet,noun: 小号，喇叭，吹小号，吹喇叭，吹号，喇叭口，号角,'trʌmpit
prominence,noun: 日珥，突出，突显，突起，声望,'prɒminәns
formidable,adj: 强大，艰巨，令人生畏，项艰巨，难对付，令人敬畏，令人畏惧,'fɒ:midәbl
dignified,adj: 端庄，凝重，威严，尊严，庄重，高贵，庄严，得体，体面，尊贵,
frenetic,adj: 狂热,fri'netik
surge,noun: 浪涌，喘振，激增，电涌，调压，增兵，飙升，潮，猛增，涌,sә:dʒ
hoard,verb: 囤积 noun: 囤,hɒ:d
deceleration,noun: 减速,.di:selә'reiʃәn
tepid,adj: 不温不火，温热，不冷不热，温水，清淡,'tepid
inhale,noun: 吸气 verb: 吸入,in'heil
limousine,noun: 豪华轿车，大轿车，辆豪华轿车，专车，轿车,'limәzi:n
implore,verb: 恳请，恳求,im'plɒ:
tribute,noun: 贡品，致敬，进贡，贡，敬意，赞颂，表示敬意，朝贡，赞扬，悼念,'tribju:t
billow,noun: 翻腾，巨浪 adj: 滚滚,'bilәu
tremble,verb: 颤抖，发抖，不寒而栗 adj: 颤栗，战栗 noun: 颤动,'trembl
morph,noun: 变形,mɔf
roster,noun: 名册，花名册，阵容，名单,'rɒstә
appease,verb: 安抚，平息，取悦 noun: 疏导,ә'pi:z
exclusively,adv: 专门，独家，独占，专,ik'sklu:sivli
aggregate,noun: 骨料，集料，聚合，总计，聚集，总量，集合 adj: 总，汇总，总体,'ægrigәt
blind,adj: 盲，盲目，盲人，瞎，瞎子，失明，瞎眼，视而不见，看不见,blaind
divisible,adj: 整除,di'vizәbl
quotient,noun: 商，商数，智商,'kwәuʃәnt
hypocritical,adj: 虚伪，伪善，矫情,.hipә'kritikl
resignation,noun: 辞职，辞职信，辞呈，辞职书，无可奈何，离职，下台，顺从，辞去,.rezig'neiʃәn
prominent,adj: 突出，杰出，显赫，著名，凸显，显著，知名，显眼，卓越,'prɒminәnt
catastrophe,noun: 灾难，巨灾，突变，场灾难，大祸，灾变，劫难，浩劫，灾祸，灾害,kә'tæstrәfi
remorse,noun: 悔恨，自责，懊悔，悔意，反省，后悔，忏悔,ri'mɒ:s
stark,noun: 斯塔克，史塔克，斯达克 adj: 形成鲜明，鲜明，赤裸裸，严酷,stɑ:k
revanchist,adj: 复仇的 noun: 恢复失地运动者,rә'vɔŋʃist,ri'væntʃ-
notion,noun: 概念，观念，理念，想法，观点，念头，观,'nәuʃәn
intensify,verb: 加强，强化，加剧，加大，加紧，激化，深化，加深,in'tensifai
merchandise,noun: 商品，货物，货,'mә:tʃәndaiz
linger,verb: 流连忘返，萦绕，流连，逗留，徘徊，挥之不去，苟延残喘，留恋,'liŋgә
perplex,verb: 困扰,pә'pleks
baffle,noun: 挡板，折流板，隔板,'bæfl
dissect,verb: 解剖，剖析,di'sekt
foster,noun: 福斯特 adj: 寄养，养，收养 verb: 培养，培育，促进，树立,'fɒstә
pessimism,noun: 悲观主义，悲观情绪，悲观,'pesimizm
prospect,noun: 前景，展望，前景展望，前瞻，远景，前途,'prɒspekt
profligacy,noun: 挥霍无度，挥霍，肆意挥霍,'prɒfligәsi
hiccup,noun: 呃逆，打嗝,'hikʌp
shun,noun: 顺，舜，顺城街，顺路，瞬 verb: 回避，避开,ʃʌn
discretionary,adj: 酌情，可自由支配，酌定，自由裁量权，全权,dis'kreʃәnәri
bellwethers,noun: 前导，头羊，带头羊，领导者，系铃羊,
rectification,noun: 整流，整改，精馏，整风，矫正，纠偏，校正，整顿，整治，纠正,.rektifi'keiʃәn
unbridled,adj: 肆无忌惮，放肆,.ʌn'braidld
rehabilitate,verb: 恢复，平反，感化,.ri:hә'biliteit
rack,noun: 架，货架，架子，齿,ræk
lavatory,noun: 厕，厕所，盥洗室，盥洗，卫生间，洗手间,'lævәtәri
clutter,noun: 杂波，杂乱，杂物，混乱，凌乱，杂，杂乱无章，乱七八糟，起伏,'klʌtә
crush,verb: 粉碎，压服，碾碎，压碎 noun: 暗恋，迷恋，挤压，迷，破碎，爱上,krʌʃ
obligatory,adj: 强制性，义不容辞，债权,ɒb'ligәtәri
frail,adj: 脆弱，虚弱，身体虚弱，体弱多病，弱，孱弱，单薄，衰弱,freil
bribe,noun: 贿赂，行贿，受贿，贿，贿赂犯罪，受贿罪 verb: 收买，讨好，拉拢,braib
prefabricated,adj: 预制,ˌpri:ˈfæbrɪkeɪtɪd
ponder,noun: 思考，玩味 verb: 深思，思索，琢磨,'pɒndә
stingy,adj: 吝啬，小气，抠门,'stindʒi
endanger,verb: 危及，危害，连累,in'deindʒә
snobbish,adj: 势利,'snɒbiʃ
gloom·y,adj: 阴沉，阴郁，灰暗，暗淡，黯淡，阴暗，忧郁，阴森，惨淡，幽暗，灰色，暗，忧愁，灰溜溜，黯，苦闷，森，黑暗的，气结,
gloomy,adj: 阴郁，阴沉，悲观，灰暗，阴暗，暗淡，黯淡，郁闷，令人沮丧，忧郁,'glu:mi
sodium,noun: 钠，钠含量,'sәudiәm
rigorous,adj: 严谨，严格，严密，严峻，缜密，严苛，苛刻，严酷,'rigәrәs
invaluable,adj: 宝贵，无价之宝，不可估量，价值连城，珍贵，可贵,in'væljuәbl
uninterrupted,adj: 不间断地，不断，间断,'ʌn.intә'rʌptid
lavish,noun: 奢华 adj: 铺张，奢侈，豪华，无节制，盛大，大方,'læviʃ
disclose,verb: 披露，透露，公开，泄露，透漏，揭露，揭示,dis'klәuz
closure,noun: 闭包，封闭，关闭，闭合，截流，合龙，封，收尾，倒闭,'klәuʒә
bust,noun: 胸围，半身像，萧条，破产，胸部,bʌst
supersede,verb: 取代,.sju:pә'si:d
contraction,noun: 收缩，萎缩，紧缩，缩，挛缩,kәn'trækʃәn
appetite,noun: 食欲，胃口，偏好，欲望，食欲不振，食量，食欲减退，兴趣，意愿,'æpitait
stagnate,verb: 停滞不前，停滞 noun: 凝滞,'stægneit
shed,noun: 棚，棚子，大棚，舍，小屋 verb: 流下，摆脱，脱落，洒,
exclude,verb: 排除，排斥，排除在外,iks'klu:d
mania,noun: 躁狂症，躁狂，狂热，工坊，癫狂，癖好，狂躁，狂潮，热潮,'meiniә
cringe,verb: 畏缩,krindʒ
gratitude,noun: 感激之情，感恩，感激，谢意，感谢，报恩,'grætitju:d
quota,noun: 配额，定额，限额，名额，额度，指标，份额，定量,'kwәutә
surname,noun: 姓，姓氏,'sә:neim
disarm,verb: 解除武装，解除，缴械，裁军,dis'ɑ:m
clientele,noun: 客户，主顾,.kli:ɒn'tel
collapse,noun: 崩溃，倒塌，塌陷，坍塌，崩塌，崩盘，塌，瓦解，解体，倒闭，折叠,kә'læps
wrestle,verb: 摔跤，角力，搏斗，摔角，争战 noun: 格斗，搏,'resl
manhunt,noun: 搜捕，追捕,'mænhʌnt
rampage,noun: 横冲直撞，横行，闹翻，暴跳如雷，暴怒，暴乱,'ræmpeidʒ
poison,noun: 毒药，毒，毒物，毒害，下毒，毒素，毒液，有毒，中毒，药 verb: 毒死,'pɒizn
enforcement,noun: 执法，执行，强制执行，实施，强制，检控,in'fɒ:smәnt
exuberance,noun: 繁荣，繁盛,ig'zju:bәrәns
radius,noun: 半径，桡骨，方圆，径，范围内,'reidiәs
grieve,verb: 悲伤，伤心，疗伤，哀悼，默哀，悲痛,gri:v
animosity,noun: 冰释前嫌，敌意，仇恨,.æni'mɒsiti
anonymity,noun: 不愿透露姓名，匿名，一位不愿透露姓名，透露姓名，隐姓埋名，无名氏，默默无闻,.ænә'nimiti
orchestrate,verb: 编排，协调,'ɒ:kistreit
scam,noun: 骗局，诈骗，骗案，诡计，诈骗案，欺诈，骗人，花招,skæm
ammunition,noun: 弹药，军火，弹药库，弹，子弹，炮弹,.æmju'niʃәn
detective,noun: 侦探，警探，探长，探员，警官，侦查,di'tektiv
enmesh,verb: 缠绕，卷入,in'meʃ
dispute,noun: 纠纷，争端，争议，争执，争论，纷争，争吵 verb: 争,dis'pju:t
boast,verb: 夸耀，吹嘘，夸，自夸，夸口，吹牛 noun: 自吹自擂,bәust
confront,verb: 面对，对抗，直面，面临，正视，质问,kәn'frʌnt
semiautomatic,adj: 半自动,'semi.ɒ:tә'mætik
vigil,noun: 守夜，守候,'vidʒil
enact,verb: 制定，颁布,i'nækt
drum,noun: 鼓，滚筒，汽包，转鼓，卷筒，鼓声，桶，筒，打鼓，圆筒,drʌm
inveighing,verb: 漫骂,
lament,noun: 慨叹，哀叹，感叹，悲鸣 verb: 悲叹，哀悼，惋惜，叹息,lә'ment
fairyland,noun: 仙境，乐园,'fєәrilænd
lobby,noun: 大堂，大厅，游说团体，游说团，游说集团，门厅，休息室，门廊 verb: 游说,'lɒbi
chunk,noun: 大块，块，区块,tʃʌŋk
disclaimer,noun: 免责声明，免责，声明,dis'kleimә
oecd,other: 经合组织,
cusp,noun: 风口浪尖，尖，尖端 adj: 尖头,kʌsp
glimmer,noun: 微光，一丝，一线，闪光点,'glimә
blight,noun: 枯病，疫病，枯萎病，枯，天灾，枯萎,blait
hawk,noun: 鹰，霍克，老鹰，鹰派，飞鹰，雕 verb: 贩卖，兜售,hɒ:k
abundance,noun: 丰度，富足，丰富，丰盈，丰，充裕，充足，富裕,ә'bʌndәns
tangerine,noun: 蜜桔，橘，橘子，柑橘，桔，柑，橘色,.tændʒә'ri:n
mutton,noun: 羊肉，牛羊肉，羊，肉羊,'mʌtn
sombre,noun: 暗淡，严峻，阴郁，阴沉 adj: 沉郁,'sɔmbә(r)
stabilised,adj: 安定,
potent,adj: 有力，强效，烈性，强有力，强力,'pәutnt
crematorium,noun: 火葬场,,kremә'tɔ:riәm
lantern,noun: 灯笼，花灯，彩灯，提灯，元宵，灯，侠，盏灯，盏,'læntәn
cruel,adj: 残酷，残忍，狠心，残暴，冷酷，无情，凶残,'kru:әl
onerous,adj: 繁重，严苛，繁琐，繁复，繁杂，有偿,'ɒnәrәs
vocational,adj: 职，职业，职高，职教，职业教育,vәu'keiʃәnl
indignation,noun: 愤慨，义愤，愤怒，愤恨，悲愤，义愤填膺，愤，气愤，怒气,.indig'neiʃәn
dude,noun: 老兄，伙计，哥们，花花公子，都德，兄弟，家伙，哥们儿，夥，小子,dju:d
dare,verb: 敢，敢不敢，不敢，竟敢，胆敢，敢于，胆量，大胆,dєә
verge,noun: 边缘，濒临，濒于,vә:dʒ
batter,noun: 面糊，击球手，连击，糊 verb: 猛击，重创,'bætә
grin,noun: 梯度折射率，笑容，眉开眼笑，咧嘴笑，咧嘴 verb: 逆来顺受,grin
upbeat,adj: 乐观，乐观向上，持乐观态度，欢快，积极向上，令人鼓舞,'ʌpbi:t
entourage,noun: 随行人员，随从，陪同,,ɔntu'rɑ:ʒ
emollient,adj: 有力,i'mɒliәnt
rhetoric,noun: 修辞，修辞学，花言巧语，言辞，言论，说辞，辞令，豪言壮语，夸夸其谈，论调，措辞,'retәrik
tempo,noun: 节奏，节拍，天宝，拍子,'tempәu
preliminary,adj: 初步，初报，前期，初探，预备，初，预,pri'liminәri
countermeasure,noun: 对策，对抗，应对策略,'kauntә.meʒә
feign,adj: 装,fein
deafness,noun: 性失聪，耳聋，性耳聋，失聪，聋,'defnis
interrogate,verb: 审问，审讯，讯问，拷问，质问,in'terәgeit
ruse,noun: 诡计，计策，计谋，幌子，骗局,ru:z
curb,verb: 遏制，抑制，遏止，遏抑，制止 noun: 路边,kә:b
nag,noun: 纳格，唠叨，唠唠叨叨 verb: 叮嘱,næg
intense,adj: 激烈，强烈，紧张，剧烈，强，浓郁，密集,in'tens
beleaguered,adj: 深陷困境，四面楚歌，陷入困境，围困，受困,bɪ'liɡɚd
famine,noun: 饥荒，灾荒，饥馑，闹饥荒，饥饿，荒,'fæmin
crunch,noun: 紧缩，危机，危机爆发，紧缺,krʌntʃ
discretion,noun: 自由裁量权，酌情权，酌情决定，酌情决定权，判断力，谨慎，酌情，慎重，高低,dis'kreʃәn
redeem,verb: 赎回，救赎，赎，兑换，挽回，解救,ri'di:m
hereinafter,noun: 以下，下文,.hiәrin'ɑ:ftә
despair,noun: 绝望，失望，灰心,di'spєә
incursion,noun: 入侵,in'kә:ʃәn
shore,noun: 岸边，岸上，岸，海岸，彼岸，上岸，海滨，海边，海滩,ʃɒ:
quarrel,noun: 争吵，口角，吵，吵嘴，争执，纷争 verb: 吵架,'kwɒrәl
relentlessly,adv: 毫不留情地，无情，坚持不懈,
cast,verb: 投，施放，投射，赶 noun: 铸，铸造，强制转换，铸态，演员,
moral,adj: 道德，道义，德育，品德，伦理，德，精神 noun: 寓意,'mɒrәl
instil,verb: 灌输,in'stil
cynicism,noun: 玩世不恭，冷嘲热讽，愤世嫉俗，挖苦，讥讽，嘲讽,'sinisizm
ticklish,adj: 怕痒 noun: 难对付,'tikliʃ
savagery,noun: 野性，野蛮,'sævidʒәri
oblige,verb: 迫使，效劳,ә'blaidʒ
profiteering,verb: 牟取暴利，暴利，牟利,
wicked,adj: 邪恶，恶人，缺德，恶毒，恶，坏人,'wikid
virtuous,adj: 良性，品德高尚，善良，高尚，正直 noun: 贤淑，贤惠，贞洁，德，美德,'vә:tʃuәs
jangling,verb: 争吵,
setback,noun: 挫折，受挫，倒退，遭遇挫折，挫败，退步,'setbæk
suspend,verb: 暂停，中止，暂时吊销，暂缓 noun: 悬浮,sә'spend
scrap,noun: 废料，报废，废钢，废，废旧，碎料，废品，废弃 verb: 废除,skræp
foothold,noun: 立足点，立足，立足之地，落脚点，站稳脚跟，据点,'futhәuld
vessel,noun: 船只，容器，血管，船，船舶，器皿，艘船，导管，艘，舰船,'vesl
liaison,noun: 联络，联络员,li:'eizɒn
kidney,noun: 肾，肾脏，补肾，肾功能，肾病,'kidni
flock,noun: 羊群，涌，群，成群结队，放羊，一群，涌入，成群,flɒk
sprawl,noun: 蔓延，扩张,sprɒ:l
mausoleum,noun: 陵墓，陵，陵寝，陵园,.mɒ:sә'liәn
incense,noun: 香，熏香，香火，薰香，焚香，烧香，香烛，香炉,'inseins
embolden,verb: 助长,im'bәuldn
rubble,noun: 瓦砾，废墟，瓦砾堆，碎石，抛石，一片废墟，砌石，夷为平地,'rʌbl
household,noun: 家用，家庭，家居，住户，分户，户，日用，居民，家族,'haushәuld
circumvent,verb: 规避，绕过，绕开，绕行,.sә:kәm'vent
treasury,noun: 财政部，库务，国库，美国财政部，库务署，期美国国债，国债，库房，财政，财长,'treʒәri
turmoil,noun: 动荡，风暴，动乱，混乱，骚乱，骚动，风波，震荡,'tә:mɒil
numb,adj: 麻木，发麻，麻痹，麻，麻木不仁，失去知觉 verb: 麻醉,nʌm
compel,verb: 迫使，强迫，逼，迫,kәm'pel
homicide,noun: 凶杀案，宗凶杀案，凶杀，杀人，杀人案，他杀，杀人罪，谋杀案，谋杀，凶案，杀人犯,'hɒmisaid
parole,noun: 假释，保释，言语,pә'rәul
toss,verb: 折腾，扔，掷，抛，扔掉，投掷，拌,tɒs
barrel,noun: 桶，每桶，枪管，至每桶，筒，木桶，炮筒，筒体，滚，水桶,'bærәl
ruin,verb: 毁掉，毁，破坏，断送，毁坏，摧毁 noun: 废墟，毁灭，破产,ruin
splendid,adj: 灿烂，辉煌，锦绣，精彩，壮丽，华丽，出色，壮观,'spendid
cinnamon,noun: 肉桂，桂皮，桂香，褐，黄褐色，桂,'sinәmәn
incorporeal,adj: 无形,.inkɒ:'pɒ:riәl
spare,adj: 备用，业余，空余，空闲，课余，闲暇，多余，备件，空 verb: 饶，抽出,spєә
renovation,noun: 改造，翻新，装修，整治，整修，革新，更新，改建,.renәu'veiʃәn
drain,noun: 排水，流失，排水管，排水沟，漏，下水道，排泄，吸取，消耗，排放 verb: 排,drein
confound,verb: 混淆,kәn'faund
jumble,noun: 混杂，混乱，杂乱,dʒʌmbl
horoscope,noun: 占星，星象，星座，八字，占星术,'hɔrәskәup
entice,verb: 引诱，诱使，吸引，诱惑，诱骗，怂恿,in'tais
jade,noun: 玉，玉石，玉器，翡翠，玉璇，玉琪，玉欢，玉雕，碧玉,dʒeid
edible,adj: 食用，可食性，食，地沟,'edibl
spout,noun: 壶嘴，喷，喷口，喷嘴,spaut
squeak,noun: 吱吱声，吱，吱吱,skwi:k
ledge,noun: 窗台,ledʒ
undermine,verb: 削弱，破坏，暗中破坏，损害，诋毁，有损，动摇,.ʌndә'main
momentum,noun: 动量，势头，气势，动力，冲劲，冲力，增长势头，动能，态势,mәu'mentәm
concatenation,noun: 串联，串连，拼接，级联,.kɒnkæti'neiʃәn
cognitive,adj: 认知，感知,'kɒgnitiv
proactive,adj: 积极主动，主动，积极，前瞻性，主动性，预见性 noun: 积极进取,,prәu'æktiv
bland,adj: 平淡无奇，平淡，乏味，平淡无味，布兰德，清淡，淡而无味，淡，枯燥乏味，和蔼,blænd
excessive,adj: 过度，过多，过量，过分，过高，超标，过剩,ik'sesiv
collocation,noun: 搭配，配置,kɒlә'keiʃәn
liability,noun: 责任，负债，赔偿责任，归责，债务，义务,laiә'biliti
uneven,adj: 参差不齐，不平，凹凸不平，非均匀,.ʌn'i:vәn
glide,noun: 滑行，滑翔，滑动，滑移,glaid
intuition,noun: 直觉，直观，凭直觉,.intju:'iʃәn
subterfuge,noun: 托词，托辞，诡计，花招,'sʌbtәfju:dʒ
fugitive,noun: 逃犯，逃亡者，亡命徒，在逃犯，通缉犯，亡命之徒，逃兵 adj: 逃亡，在逃,'fju:dʒitiv
miscreant,noun: 恶棍,'miskriәnt
expatriate,adj: 外籍 noun: 侨民，外籍人士,eks'peitrieit
leniency,noun: 宽大，宽恕,'li:njәnsi
prod,verb: 督促，戳，刺激,prɒd
murmur,noun: 杂音，潺潺，凄然，怨言，低语,'mә:mә
discontent,noun: 不满，不满情绪，牢骚,.diskәn'tent
distrust,noun: 互不信任，猜忌，猜疑，怀疑,dis'trʌst
ensnare,verb: 诱捕，陷害,in'snєә
resonate,verb: 产生共鸣，共鸣，引起共鸣，共振,'rezәneit
merit,noun: 优点，功德，功绩，可取之处，值得，优异，功,'merit
tacitly,adv: 默许，默认,'tæsɪtlɪ
substantially,adv: 大幅，实质上，大幅度，大大，大致，大体上，基本上，本质上,sәb'stænʃәli
spoof,noun: 恶搞,spu:f
irritate,verb: 激怒，刺激,'iriteit
allegation,noun: 指控,.æli'geiʃәn
jurisdiction,noun: 管辖权，司法管辖权，管辖，审判权，管辖范围，司法权，司法管辖区，辖，权限，辖区，司法,.dʒuәris'dikʃәn
cautious,adj: 谨慎，持谨慎态度，小心谨慎，谨小慎微，审慎，小心，小心翼翼，慎重，慎,'kɒ:ʃәs
dissident,adj: 不同政见，持不同政见者，异议人士 noun: 异己,'disidәnt
analogy,noun: 类比，比喻，类推，类比法，比拟，比方,ә'nælәdʒi
scramble,noun: 争夺，争夺战，攀爬 verb: 争相，争抢,'skræmbl
shatter,verb: 粉碎，打碎，碎裂,'ʃætә
tranquil,adj: 宁静，恬淡，平静，安宁，静谧 noun: 安谧，恬静,'træŋkwil
slide,noun: 幻灯片，滑，滑动，张幻灯片，滑梯，幻灯，下滑，滑行，滑坡，滑块，滑板,slaid
consult,verb: 咨询，征询，请教，查阅，商量，协商，谘询，参考，磋商,kәn'sʌlt
workable,adj: 可行，切实可行,'wә:kәbl
artwork,noun: 艺术品，艺术作品，美术作品，作品，插图,'ɑ:twә:k
reimburse,verb: 偿还，报销，偿付,.ri:im'bә:s
repel,verb: 击退，排斥，打退，相斥，抵制，驱赶，吓跑,ri'pel
replenish,verb: 补充，充实，添置,ri'pleniʃ
consolidation,noun: 固结，巩固，整合，盘整，加固，整理，合并，整顿,kәn.sɒli'deiʃәn
acquisition,noun: 习得，收购，采集，习得中，获取，并购，捕获，采访，采购,.ækwi'ziʃәn
partially,adv: 部分，局部，部份,'pɑ:ʃәli
incumbent,adj: 现任，义不容辞，在位，当权，执政党,in'kʌmbәnt
munitions,noun: 军需品，军火，弹药，军需，军品，军工,
deter,verb: 阻吓，震慑，阻止，遏止，威慑，制止，遏制,di'tә:
conventional,adj: 常规，传统，普通，常用,kәn'venʃәnl
churn,noun: 流失，搅拌器,tʃә:n
vulnerable,adj: 脆弱，弱势，易受伤害，易受攻击，容易受到伤害，不堪一击，易损，易，容易,'vʌlnәrәbl
offshore,adj: 离岸，近海，海上，海洋，境外，海外，远洋，近岸，海底,ɒ:f'ʃɒ:
contingent,noun: 队伍，特遣队，然 adj: 权变,kәn'tindʒәnt
strait,noun: 海峡，两岸，海峡两岸，台海，峡，台湾海峡,streit
applaud,verb: 鼓掌，赞赏，拍手叫好，赞扬，表示赞赏，喝彩,ә'plɒ:d
paddles?,noun: 桨，划桨，短桨，明轮翼 verb: 桨，划，抚弄,
purse,noun: 钱包，皮包，包，手提包，荷包，提包，腰包，手袋，皮夹,pә:s
prom,noun: 舞会，毕业舞会，舞伴,prɔm
confine,verb: 局限，限制，限于，局限于,kәn'fain
neat,adj: 整洁，整齐，齐，干净，简洁，巧妙，优雅,ni:t
morally,adv: 道德，道义，品德,'mɒrәli
stagger,verb: 错开，东倒西歪 noun: 参差，趔趄，交错,'stægә
paltry,adj: 微不足道，区区，微薄，琐碎,'pɒ:ltri
complication,noun: 并发症，复杂化，合并症，复杂性,.kɒmpli'keiʃәn
impose,verb: 施加，强加，征收，处以，判处，施,im'pәuz
shrink,verb: 收缩，缩水，缩小，缩，萎缩，缩减，退缩 noun: 心理医生，精神病医生,ʃriŋk
prudence,noun: 谨慎，审慎，普鲁登斯，普瑞德丝，布吕丹丝，普瑞德，普鲁登丝，慎重，节俭,'pru:dns
inference,noun: 推理，推断，推论，推导，推定，论断,'infәrәns
soak,verb: 浸泡，泡，浸湿，浸 noun: 浸透，吞吐，浸润，浸渍,sәuk
congestion,noun: 拥塞，挤塞，挤塞情况，拥堵，充血，拥挤，阻塞，淤血，堵塞，瘀血,kәn'dʒestʃәn
scrub,noun: 擦洗，灌丛，磨砂，刷洗，灌木丛 verb: 擦,skrʌb
stamina,noun: 耐力，后劲，体力，毅力，体能，精力,'stæminә
hummingbird,noun: 蜂鸟,'hʌmiŋb\\:d
chirp,noun: 啁啾，线性调频，鸣声，唧唧，调频,tʃә:p
suet,noun: 板油,'su:it
cornmeal,adj: 玉米面 noun: 麦片,'kɒ:nmi:l
chili,noun: 辣椒，池莉，辣，辣酱，辣味，椒，智利,'tʃili
nectar,noun: 花蜜，甘露，果茶 adj: 蜜源，蜜,'nektә
recreation,noun: 娱乐，游憩，康乐，休闲，休闲娱乐，消遣，文康广播，游乐，再造,.rekri'eiʃәn
frugal,adj: 节俭，俭朴，俭省，节约，过得去，节约型，简朴,'fru:gәl
skim,noun: 脱脂，略读 verb: 撇,skim
precedent,noun: 先例，先河，判例，前例,'presidәnt
justifiably,adv: 名正言顺，理由,dʒʌstɪ'faɪəblɪ
novice,noun: 新手，初学者，初学，菜鸟,'nɒvis
flowerbed,noun: 花坛,'flajәbed
compost,noun: 堆肥，肥料,'kɒmpәust
compromise,noun: 妥协，折衷，折中，折衷方案，达成妥协，让步，和解 verb: 危及,'kɒmprәmaiz
asparagus,noun: 芦笋，龙须菜，文竹，莴笋，笋,ә'spærәgәs
punctuation,noun: 标点，标点符号，断句,.pʌŋktʃu'eiʃәn
patron,noun: 靠山，守护神，赞助，主顾，保护人,'peitrәn
overhaul,noun: 大修，检修，翻修，革新 verb: 整顿,.әuvә'hɒ:l
exhortation,noun: 劝勉，告诫，劝告,.egzɒ:'teiʃәn
monolithic,adj: 铁板一块，整体，单片机,.mɒnәu'liθik
confrontation,noun: 对峙，对抗，交锋，对质，对立，冲突，对决，对抗性,.kɔnfrʌn'teiʃәn
malign,adj: 恶性,mә'lain
petulant,adj: 暴躁，易怒,'petʃәlәnt
parody,noun: 仿拟，蠢事，打油诗，模仿，拙劣,'pærәdi
legitimate,adj: 合法，正当，正版，合理，合法性，正统，合情合理,li'dʒitimәt
immerse,verb: 沉浸，浸入，浸没，浸泡，沉醉,i'mә:s
archipelago,noun: 群岛，列岛,.ɑ:ki'pelәgәu
paradise,noun: 天堂，乐园，乐土，人间天堂，仙境，世外桃源，伊甸园，极乐世界，天堂般，天国，仙,'pærәdais
hail,noun: 冰雹，万岁，雹，欢呼，万福，致敬，招呼,heil
accolade,noun: 荣誉,.ækәu'leid
resound,noun: 回荡,ri'zaund
junket,noun: 酪,
bilateral,adj: 双边，双侧，两国，双方，双向，两侧,bai'lætәrәl
spur,noun: 鞭策，距，圆柱 verb: 刺激，带动,spә:
dismiss,verb: 解雇，驳回，辞退，解散，开除,dis'mis
spearhead,noun: 矛头,'spiәhed
sentimental,adj: 感伤，多愁善感，多情，伤感，感性，感情用事，矫情，青涩，感情，情感,.senti'mentl
prompt,adj: 提示，提示符，提示符下，及时，迅速 verb: 促使,prɒmpt
insinuate,verb: 影射,in'sinjueit
pointless,adj: 毫无意义，无谓，不得要领,'pɒintlis
proposition,noun: 命题，主张，提议，论题，构想,.prɒpә'ziʃәn
laid-back,adj: 懒散的，忧,
gist,noun: 要点，依据，要领，主旨，要义，大意，梗概，理论依据,dʒist
warden,noun: 监狱长，典狱长，狱长，典狱官，舍监，守望者，区长，华顿，看守，瓦,'wɒ:dn
deteriorate,verb: 恶化，变质，退化,di'tiәriәreit
elapse,noun: 推移 verb: 经过,i'læps
entrench,verb: 巩固,in'trentʃ
anomaly,noun: 异常，反常现象，反常 adv: 距平，畸形,ә'nɒmәli
trench,noun: 战壕，沟槽，海沟，地沟，壕沟，沟，战壕里，沟渠，槽，凹槽,trentʃ
retaliation,noun: 报复，打击报复，反击，复仇,ri.tæli'eiʃәn
domino,noun: 多米诺，骨牌，多米诺骨牌，多明诺,'dɒminәu
provoke,verb: 挑起，惹，招惹，激怒，挑衅，激起,prә'vәuk
brace,noun: 括号，支撑，梅开二度，支架，护具，撑，箍 verb: 撑住，振奋,breis
scapegoat,noun: 替罪羊，代罪羔羊，罪羔羊,'skeipgәut
forge,verb: 伪造，打造，结成 noun: 锻造，锻,fɒ:dʒ
tussle,noun: 厮打，角力，争斗,'tʌsl
outlier,noun: 异常,'autlaiә
debrief,noun: 汇报，简报,di:'bri:f
belie,verb: 掩盖,bi'lai
bumpy,adj: 颠簸，坎坷，崎岖不平，坑坑洼洼，邦比，崎岖，不平，平坦 noun: 跛，跛脚,'bʌmpi
peril,noun: 危险，危亡，祸，后果自负，危险之中，岌岌可危，险境,'peril
containment,noun: 遏制，围堵，包容,kәn'teinmәnt
encirclement,noun: 围剿，包围,in'sә:klmәnt
escalate,verb: 升级，逐步升级，降级 noun: 呈报,'eskәleit
snippet,noun: 代码片段，片断，片段,'snipit
metaphor,noun: 隐喻，比喻，暗喻，喻,'metәfә
lurk,verb: 潜伏 noun: 潜藏,lә:k
boulder,noun: 博尔德，巨石，顽石，卵石，砂砾,'bәuldә
fishbones,noun: 鲠,
blade,noun: 叶片，刀片，刀锋，刀刃，刃，桨叶，刀，刮刀，片，叶，剑,bleid
explicit,adj: 显式，明确，显性，露骨，显，明晰，清晰,ik'splisit
legislature,noun: 立法机关，立法会，立法，议会，立,'ledʒisleitʃә
feisty,adj: 争强好胜，易怒，活跃,'faisti
derail,verb: 脱轨，出轨，断送，破坏,di'reil
guardrail,noun: 护栏,'^ɑ:dreil
contentious,adj: 争议，具争议性，争讼，辩驳，富争议，讼，备受争议,kәn'tenʃәs
disquiet,noun: 不安,dis'kwaiәt
narrow,adj: 窄，狭窄，狭隘，狭小，狭义，狭长，窄窄，狭，窄带 verb: 缩小,'nærәu
profound,adj: 深刻，深远，深厚，博大精深，渊博，深邃，意义深远，深奥，深层次，深入，深层,prә'faund
delegate,noun: 委托，委派 verb: 转授，托付,'deligeit
entrepreneur,noun: 企业家，创业者,.ɒntrәprә'nә:
heap,noun: 堆，堆积，堆栈,hi:p
praise,noun: 赞美，好评，赞誉，赞扬，表扬，称赞，一致好评，夸奖，歌颂，赞许，赞赏,preiz
solace,noun: 慰藉，安慰，慰籍,'sɒlis
intrigue,noun: 阴谋诡计，阴谋，勾心斗角,in'tri:g
draconian,adj: 严厉，恶，严苛，严酷，苛刻,drә'kәjniәn
reckon,verb: 估计,'rekәn
squabble,noun: 争吵,'skwɒbl
traitor,noun: 叛徒，卖国贼，叛逆者，叛国者，汉奸，内奸，叛国，背叛,'treitә
revisionist,noun: 修正主义,ri'viʒәnist
homophone,noun: 同音词,
permeate,verb: 渗透，渗入,'pә:mieit
denounce,verb: 谴责，公开谴责，揭发，告发,di'nauns
worship,noun: 崇拜，敬拜，拜，祭拜，膜拜，朝拜，礼拜，祭祀，供奉，敬,'wә:ʃip
pander,verb: 迎合,'pændә
admiration,noun: 钦佩，敬佩，倾慕，敬仰，赞赏，仰慕，赞美，佩服，崇拜，羡慕,.ædmә'reiʃәn
undercurrent,noun: 暗流，潜流,'ʌndә.kʌrәnt
nurture,verb: 培育，培养，滋养，养育，孕育，后天 noun: 熏陶,'nә:tʃә
emerge,verb: 出现，浮现，涌现，显现，崛起,i'mә:dʒ
plenary,adj: 全体 noun: 全会,'plenәri
compatriot,noun: 同胞,kәm'pætriәt
unify,verb: 统一，一统 noun: 相结合,'ju:nifai
exaggerate,verb: 夸大，夸大其词，夸张，过分夸大，渲染,ig'zædʒәreit
antique,adj: 古董，仿古，古玩，古色古香，古典，古,æn'ti:k
discreet,adj: 谨慎，低调 noun: 慎重，显眼,dis'kri:t
avid,adj: 狂热，热心，热衷于，忠实，酷爱,'ævid
memoir,noun: 回忆录，自传，实录,'memwɑ:
aggrieved,adj: 受屈，愤愤不平，受害 verb: 委屈,ә'gri:vd
tersely,adv: 简洁地,tɜ:slɪ
dismissive,adj: 不屑一顾，看不惯，轻蔑，轻视,dis'misiv
guileful,adj: 诡计多端的,
dent,noun: 凹痕，丹特，登特，凹陷，登，凹，特约 verb: 削弱,dent
induce,verb: 诱导，诱发，诱使，促使，归纳,in'dju:s
reckless,adj: 鲁莽，不计后果，卤莽，轻率，莽撞，不顾一切，肆无忌惮，草率,'reklis
stimulus,noun: 刺激，刺激举措，刺激性,'stimjulәs
avert,verb: 避免，消弭,ә'vә:t
parliament,noun: 议会，国会，议会大厦，国会大厦，国会议员,'pɑ:lәmәnt
theological,adj: 神学，流变,θiә'lɔdʒikәl
boilerplate,noun: 样板,'bɔilәpleit
drainage,noun: 排水，引流，渠务，引流术，排涝，排，排放，流域，滤,'dreinidʒ
nostalgia,noun: 怀旧，乡愁，留恋，怀恋，乡情，恋旧，怀念,nɒs'tældʒiә
stash,noun: 藏匿，藏,stæʃ
aide,noun: 助手，副官，助理，副手,eid
courtship,noun: 求爱，求偶,'kɒ:tʃip
bailout,noun: 救助，救市，紧急救助，纾困，救援，援助，脱困，紧急救援，援救,'beilaut
reassure,verb: 安抚，打消，安慰,.ri:ә'ʃuә
signboard,noun: 招牌，广告牌,'sainbɒ:d
quirk,noun: 怪癖,kwә:k
bureaucratic,adj: 官僚，官僚主义，官场，官僚作风，官僚制，文官，官僚机构，繁文缛节,bjuәrәu'krætik
wield,verb: 挥动，挥舞，施展，执掌，挥，运用,wi:ld
opaque,adj: 透明 noun: 晦涩，浊,әu'peik
repudiate,verb: 否定,ri'pju:dieit
vanguard,noun: 先锋，先锋队，尖兵，排头兵，前卫，前锋，前行，先驱，前列，先导,'vængɑ:d
martyr,noun: 烈士，殉道者，殉教，殉道,'mɑ:tә
homage,noun: 敬意，参拜，致敬，顶礼膜拜，表示敬意，效忠,'hɒmidʒ
cadre,noun: 干部，领导干部，骨干,'kædri.'kɑ:dә
heresy,noun: 异端，异端邪说，异教，邪教，异教徒,'herәsi
boastful,adj: 自夸，自吹自擂，自负 noun: 自吹,'bәustful
versatile,adj: 多才多艺，多功能，多面手，通用，灵活，全能，万能，通用性，多样 noun: 丁字,'vә:sәtail
invariably,adv: 不约而同地，总是，总能,in'vєәriәbli
endeavor,noun: 奋进，努力，奋斗,in'devә
etiquette,noun: 礼仪，礼节，礼俗,eti'ket
seemingly,adv: 看似，貌似，似乎，看上去,'si:miŋli
limelight,noun: 风头，聚光灯下，出风头，聚光灯,'laimlait
muse,noun: 缪斯，创作灵感，女神，灵感,mju:z
paramount,noun: 至高无上，至关重要，至上，重要,'pærәmaunt
whip,noun: 鞭子，鞭，鞭子抽，皮鞭，马鞭，拉杆 verb: 鞭打，鞭笞，掀起,hwip
feud,noun: 仇隙，世仇，宿怨，不和,fju:d
rancorous,adj: 怀恶意的,
upheaval,noun: 剧变，动荡，动乱，巨变，隆起，动荡不安,ʌp'hi:vl
stringent,adj: 严格，严谨，严厉，严苛，严密，苛刻,'strindʒәnt
emulate,verb: 效仿，仿效，模仿，效法，赶超,'emjuleit
neglect,noun: 忽视，疏忽，疏忽照顾，疏于，轻视，漠视，无视 verb: 忽略，怠慢，荒废,ni'glekt
chamber,noun: 室，会议厅，硐室，商会，腔室，腔，房间，舱，室内，箱,'tʃeimbә
steer,verb: 引导，掌舵，带领，督导,stiә
maladroit,noun: 笨拙,.mælә'drɒit
emanates,verb: 发出，放射,
scold,verb: 骂，责骂，训斥，责备，斥责，责怪,skәuld
shiver,noun: 哆嗦，颤抖，寒战，打颤，瑟瑟发抖 verb: 发抖，瑟缩，颤栗,'ʃivә
divine,adj: 神圣，神，神灵，圣洁，非凡 noun: 神州，圣,di'vain
hew,verb: 开采,hju:
clout,noun: 影响力，底气，势力,klaut
pump,noun: 泵，水泵，油泵，泵浦，体外循环，抽,pʌmp
concession,noun: 让步，租界，特许权，宽减，项宽减，特许，优惠，退让，宽免，特许经营，妥协,kәn'seʃәn
subordinate,adj: 下属，从属，下级，部属，隶属，主从，附属，服从，次要 noun: 属下，部下,sә'bɒ:dnit
solicit,verb: 征求，招揽，征询，听取,sә'lisit
flaunt,verb: 炫耀，标榜,flaunt
onslaught,noun: 猛攻，猛烈攻击，冲击,'ɒnslɒ:t
falter,verb: 动摇，踌躇不前，结巴，不振，步履蹒跚，畏缩,'fɒ:ltә
revive,verb: 重振，振兴，复苏，恢复，复活，复兴，救活，苏醒,ri'vaiv
unanimity,noun: 协商一致，一致，一致同意,.ju:nә'nimiti
chassis,noun: 底盘，机箱，底架，车架，底座，底板,'ʃæsi
outflank,verb: 包抄，包围,.aut'flæŋk
pang,noun: 庞，彭，彭日成，逄村，剧痛，旁，乓，苦痛，鹏，痛楚,pæŋ
conscience,noun: 良心，良知，良心不安,'kɒnʃәns
appeal,noun: 上诉，吸引力，呼吁，感染力，申诉，诉求，情趣，魅力 verb: 提出上诉，吸引,ә'pi:l
condemn,verb: 谴责，声讨，不定,kәn'dem
patriarch,noun: 族长，元老，宗法，主教,'peitriɑ:k
subsequent,adj: 后续，随后，其后，后继，后来，以后，接下来，后面，日后,'sʌbsikwәnt
trial,noun: 审判，审讯，试验，试用，庭审，审理，审，试，尝试，考验,'traiәl
retrial,noun: 再审，重审，复试,ri:'traiәl
exoneration,noun: 豁免,
affidavit,noun: 誓章，口供，证词,.æfi'deivit
concoct,verb: 编造,kәn'kɒkt
collude,verb: 串通，勾，通同，同伙,kә'lu:d
flank,noun: 侧翼，侧面，旁边，边路,flæŋk
ferocious,adj: 凶猛，凶恶，狰狞，凶残，勇猛，凶狠，凶，猛烈，残忍，残暴,fә'rәuʃәs
devise,verb: 想出，设计,di'vaiz
fright,noun: 惊吓，惊悸，恐惧，怯场，惊骇，受惊吓，惊恐,frait
tumble,noun: 暴跌，跤，滚筒，跌倒，烘干 verb: 翻滚，下跌，摔倒，倒下,tʌmbl
brink,noun: 边缘，悬崖边缘，濒临，濒于，绝路，边沿,briŋk
largesse,noun: 慷慨解囊，慷慨,lɑ:'dʒes
collateral,noun: 抵押品，担保品，抵押，附带，络，担保，侧枝，间接,kә'lætәrәl
exemption,noun: 豁免，免责，免检，免税，免除，免征，免，获豁免，豁免权,ig'zempʃәn
regime,noun: 政权，政体，制度，体制，机制，当局,rei'ʒi:m
disparity,noun: 差距，视差，悬殊，差异，差别,dis'pæriti
vast,adj: 广阔，辽阔，广大，广袤，浩瀚，茫茫，巨大，庞大,vɑ:st
consign,noun: 托付，交付，寄托 verb: 寄售,kәn'sain
dethrone,verb: 废黜,di'θrәun
trivia,noun: 琐事，花絮，小事,'triviә
itinerary,noun: 行程，行程安排，旅程，日程安排，日程表,ai'tinәrәri
monopoly,noun: 垄断，专卖，垄断地位，独占，专营,mә'nɒpәli
veracity,noun: 准确性，真实性，准确度,vә'ræsiti
complement,noun: 补充，补语，补，补足，互补 verb: 相辅相成,'kɒmplimәnt
upstart,noun: 暴发户，新贵,'ʌpstɑ:t
byword,noun: 代名词，代号,'baiwә:d
glint,noun: 闪烁,glint
assess,verb: 评估，评价，评定，考核，衡量,ә'ses
protectionism,noun: 保护主义，贸易保护主义,prә'tekʃәnizm
infuriate,verb: 激怒,in'fjuәrieit
subsidy,noun: 补贴，资助，津贴，补助，资助额，补助金,'sʌbsidi
disparate,adj: 异类，不同，迥然不同，迥异，截然不同，不相干，异构,'dispәrәt
contradictory,adj: 矛盾，相互矛盾，互相矛盾，自相矛盾，前后矛盾，相互对立，对立,.kɒntrә'diktәri
underpin,verb: 支撑,.ʌndә'pin
divert,verb: 转移，疏导，分流，改道,dai'vә:t
bloc,noun: 集团，阵营,blɒk
illusion,noun: 错觉，幻觉，幻象，幻想，假象，幻像，幻影，虚幻，梦幻，幻,i'lju:ʒәn
defy,verb: 违抗，藐视，无视，不怕，蔑视 noun: 不服,di'fai
audacious,adj: 大胆，无畏,ɒ:'deiʃәs
olfaction,noun: 嗅觉,ɒl'fækʃәn
painstaking,verb: 苦心，潜心，艰苦，辛劳，辛辛苦苦，艰辛，刻苦,'peinzteikiŋ
cortex,noun: 皮层，皮质，大脑皮层，脑皮层，大脑皮质,'kɒ:teks
vertebrate,noun: 脊椎动物，无脊椎动物,'vә:tibreit
deprive,verb: 剥夺，剥削，遮,di'praiv
metabolically,adv: 代谢，新陈代谢,
hamstring,verb: 腿筋 noun: 肌腱，腱,'hæmstriŋ
predominantly,adv: 主要，占主导地位,
slumber,noun: 沉睡，睡衣，打盹,'slʌmbә
pathogen,noun: 病原体，病原，病原菌，病病原，致病菌，病菌，病原学，邪,'pæθәdʒ(ә)n
magnitude,noun: 震级，幅度，级，大小，规模，严重性,'mægnitju:d
armoury,noun: 军械库，武器厂,
jab,verb: 戳 noun: 猛击,dʒæb
dividend,noun: 股利，股息，红利，分红，派息,'dividend
transactional,adj: 事务性，事务,
sup,verb: 燮 noun: 支持,sʌp
perceive,verb: 感知，察觉，觉察到，觉察，看待,pә'si:v
ambivalent,adj: 矛盾,æm'bivәlәnt
forestall,noun: 垄断,fɒ:'stɒ:l
mesh,noun: 网格，网，网状，网格划分，滤网，丝网 verb: 网眼，啮合，筛网，目,meʃ
expedient,noun: 权宜之计，合宜，权宜，适宜,ik'spi:diәnt
bogus,adj: 假，伪造，虚假，伪，莫须有，骗人，皮包，虚伪，冒充,'bәugәs
tarnish,verb: 玷污，抹黑 noun: 失去光泽，变色,'tɑ:niʃ
rebut,verb: 反驳，驳斥,ri'bʌt
tense,adj: 紧张，时态，紧绷，绷紧,tens
sterilisation,noun: 消毒，绝育，断种,
assimilation,noun: 同化，消化吸收,ә.simi'leiʃәn
mosque,noun: 清真寺，座清真寺,mɒsk
oppression,noun: 压迫，欺压，压抑，受压迫，压制，镇压，暴虐，迫害,ә'preʃәn
deportation,noun: 驱逐出境，递解，遣返，驱逐，遣送，放逐,.di:pɒ:'teiʃәn
dispatch,noun: 调度，派遣，分派，发运，发货，分发 verb: 派出,dis'pætʃ
ratify,verb: 批准,'rætifai
counterfeit,noun: 假冒，冒牌，伪造，伪冒，假冒伪劣，假药，假，盗版 adj: 冒牌货，仿冒，伪,'kauntәfit
weasel,noun: 黄鼠狼，鼬鼠，滑头，鼬,'wi:zl
hedgehog,noun: 刺猬，猬,'hedʒhɒg
swab,noun: 拭子，棉签，拭，擦拭 verb: 擦洗,swɒb
raccoon,noun: 浣熊，浣，只浣熊，貉,ræ'ku:n
unleash,verb: 释放,.ʌn'li:ʃ
demolish,verb: 拆除，清拆，拆毁，拆卸，拆迁,di'mɒliʃ
graphite,noun: 石墨，墨,'græfait
viral,adj: 病毒,'vairәl
unattainable,adj: 高不可攀，不可企及，遥不可及,.ʌnә'teinәbl
resent,verb: 怨恨，反感，憎恨，讨厌，痛恨，怨,ri'zent
hustle,noun: 喧嚣，奔忙，拥挤，喧闹,'hʌsl
autonomy,noun: 自治，自主权，自治权，自主，高度自治，自律,ɒ:'tɒnәmi
startle,verb: 吓，惊吓,'stɑ:tl
fame,noun: 名声，名望，名利，名气，成名，名誉，名人堂，声誉，声望，荣誉,feim
bastion,noun: 堡垒，巴士廷,'bæstʃәn
collectivism,noun: 集体主义,kә'lektivizm
assemble,verb: 组装，装配，集合，召集，汇编，集会 noun: 集聚,ә'sembl
warranty,noun: 保修，质保，保修期，保固，保修期内，担保，保证书，保单,'wɒ:rәnti
rectangular,adj: 矩形，长方形，直角，扁，方形，矩 noun: 长方,rek'tæŋgjulә
drawer,noun: 抽屉，抽屉里,'drɒ:ә
suite,noun: 套房，套件，套间，组曲，套装，一套,swi:t
complimentary,adj: 免费赠送，免费，赠，互补，恭维 noun: 自助,.kɒmpli'mentәri
dashboard,noun: 仪表板，仪表盘，仪表，信息中心,'dæʃbɒ:d
aquatic,adj: 水生，水体 noun: 水产，水产品,ә'kwætik
bathtub,noun: 浴缸，浴缸里，浴盆，澡盆，缸，浴池,'bɑ:θtʌb
goggle,noun: 护目镜,'gɒgl
chlorine,noun: 氯，氯气,'klɒ:ri:n
attic,noun: 阁楼，顶楼,'ætik
heritage,noun: 遗产，文物，传承，底蕴，传统，积淀，继承，古迹，遗迹，血统,'heritidʒ
wasp,noun: 黄蜂，胡蜂，蜂，寄生蜂,wɒsp
nest,noun: 巢，窝，鸟巢，巢穴，筑巢，鸟窝，蚁穴，蚁巢，嵌套,nest
sting,verb: 蜇，蛰，斯汀，叮 noun: 刺痛，刺，毒刺，螫,stiŋ
saliva,noun: 唾液，口水，哈喇子，唾沫，涎,sә'laivә
spew,verb: 喷涌，喷,spju:
substance,noun: 物质，实质，物，实体，药物，实质上，实质性,'sʌbstәns
mystery,noun: 神秘，谜，奥秘，谜团，神秘感，之谜，神秘面纱，神秘色彩，迷，秘密，推理,'mistәri
shred,noun: 一丝一毫，丝毫 verb: 撕碎,ʃred
unharmed,adj: 安然无恙，无恙，毫发无伤，毫发无损,'ʌn'hɑ:md
mint,noun: 薄荷，造币厂，薄荷糖，薄荷味，铸币,mint
genre,noun: 体裁，流派，语体，文体,'ʒɒŋrә
romance,noun: 浪漫，罗曼史，恋情，浪漫史，言情，浪漫爱情，爱情，恋爱，罗曼，传奇,rәu'mæns
psychological,adj: 心理，心理学,.saikә'lɒdʒikәl
alternatively,adv: 另外，或者，交替,ɒ:l'tә:nәtivli
ultimate,adj: 终极，最终，极限，极致，末,'ʌltimit
unprecedented,adj: 前所未有，空前，史无前例，空前绝后，从未有过，先例,.ʌn'presidentid
revile,verb: 辱骂,ri'vail
tout,verb: 兜售，吹嘘 noun: 吹捧,taut
correlate,verb: 相关,'kɒrәleit
mimic,verb: 模仿，模拟，仿造,'mimik
prey,noun: 猎物，食饵，捕食，猛禽，捕食者，牺牲品，捕猎,prei
compulsive,adj: 强迫，强迫症，强制，强制性，嗜，情不自禁,kәm'pʌlsiv
superintendent,noun: 警司，院长，监督，督学，管理者，警，总监,,sju:pәrin'tendәnt
rectify,verb: 纠正，整顿，矫正，改正，更正,'rektifai
disgruntled,adj: 心怀不满，不满,dis'^rʌnt(ә)ld
combat,noun: 作战，战斗，格斗，实战 verb: 打击，对抗，抗击，对付,'kɒmbæt
polymer,noun: 聚合物，高分子，高聚物，聚，聚合,'pɒlimә
insulin,noun: 胰岛素,'insjulin
commemorate,verb: 纪念，留念,kә'memәreit
withstand,verb: 承受，经受住，经得起，抵御，抵挡，经受，抵抗，耐 noun: 耐受，耐压,wið'stænd
damp,adj: 潮湿，受潮，湿，阻尼，阴湿，湿气，潮，湿润，防潮,dæmp
metallic,noun: 金属 adj: 金银,mi'tælik
incandescent,noun: 白炽灯 adj: 白炽,.inkæn'desnt
diligent,noun: 勤奋，勤勉，勤于，勤政，勤恳，吃苦耐劳，勤 adj: 勤快，勤劳，用功,'dilidʒәnt
imitation,noun: 模仿，仿，仿制，仿制品，摹仿，仿造，仿效，赝品,.imi'teiʃәn
mediate,verb: 调解，调停，斡旋，介导，调和,'mi:dieit
communion,noun: 交往，交谊，往来，共同性,
immaterial,adj: 无形，无关紧要,.imә'tiәriәl
hip,noun: 髋关节，髋，髋部，臀部，臀，髋骨，臀围，胯，时髦,hip
compression,noun: 压缩，压，加压，压迫，压缩编码，挤压,kәm'preʃәn
unyielding,verb: 不屈，不屈不挠，坚强不屈，倔强,.ʌn'ji:ldiŋ
asphalt,noun: 沥青，柏油,'æsfælt
humble,adj: 卑微，谦卑，谦虚，谦逊，不起眼，卑下，简陋，谦和，卑贱，谦恭,'hʌmbl
agility,noun: 敏捷，灵活性，灵活，机动性，机敏，灵敏,ә'dʒiliti
concentration,noun: 浓度，集中，浓缩，药浓度，含量，富集，专注，浓，集聚，注意力,.kɒnsәn'treiʃәn
lush,adj: 郁郁葱葱，茂盛，繁茂，葱郁，茂密，葱翠，丰美，苍翠，青翠,lʌʃ
greenery,noun: 绿色植物，绿叶，绿化，绿树，绿意，绿荫，绿色环保，绿地,'gri:nәri
pavement,noun: 路面，人行道，铺装，行人路，铺装层，铺面,'peivmәnt
castigate,verb: 谴责,'kæstigeit
fixate,verb: 固定，注视,'fikseit
solitude,noun: 孤独，独处，孤寂，独居，寂寥，寂寞，隐居,'sɒlitju:d
instinctively,adv: 出于本能，本能，凭直觉,
crave,verb: 渴望，奢求，渴求,kreiv
tedious,adj: 繁琐，乏味，单调乏味，冗长，枯燥，烦琐，单调，沉闷，枯燥乏味，无聊，繁重,'ti:diәs
myth,noun: 神话，迷思，谬论，传说，误区，荒诞，误解，谣言,miθ
sidewalk,noun: 人行道，便道，边路，路边,'saidwɒ:k
pique,noun: 皮克，赌气,pi:k
underfoot,noun: 脚下,.ʌndә'fut
exhilarating,adj: 令人振奋，过瘾，令人兴奋，激动人心，令人愉快,ig'zilәreitiŋ
uncharitable,adj: 无情,.ʌn'tʃæritәbl
presumptuous,noun: 放肆，冒昧，专横，自以为是,pri'zʌmptʃuәs
indifferent,adj: 无动于衷，漠不关心，淡泊，冷漠，淡然，淡漠，无所谓，漠然，漠视，冷淡，无关紧要,in'difәrәnt
memo,noun: 备忘录，份备忘录，备忘，便笺，备注，便条，张便条,'memәu